pdbid,anchor_class,anchor_dist,anchor1,anchor2
1K5N,7,18.60527497781207,182,189
3MRE,7,18.22809186393354,182,189
7R7W,7,18.628847656256145,182,189
4U1M,7,18.5011899347042,182,189
6MT3,7,18.05637208854536,182,189
7TUC,7,18.89368278023107,182,189
3D25,7,18.493051938498414,182,189
3MRG,7,18.712295316181816,182,189
6MT6,7,18.555504250760745,182,189
7KGQ,7,18.56541596625295,182,189
2BVP,7,18.722433201910484,182,189
6JOZ,7,19.138091179634397,182,189
6MTL,7,18.68561452026665,182,189
4U1J,7,17.94468503485085,182,189
6PYW,7,19.1173567472075,182,189
6P2C,6,18.19846397364349,183,189
7KGP,7,19.034120126761838,182,189
3MRB,7,18.614289484157055,182,189
3MRK,7,18.24159842228745,182,189
4QRS,7,18.281571759561594,182,189
5WMQ,7,18.309121469912206,182,189
6J2A,7,19.150135717534745,182,189
6VB2,7,17.78245149016299,182,189
5IB2,7,19.306178829587175,182,189
6PYJ,7,19.246948875081475,182,189
1X7Q,7,18.959081280484032,182,189
6PYV,7,19.20982542867061,182,189
7M8U,7,17.72708066772417,182,189
6P2F,6,18.127302557192557,183,189
6O4Z,7,18.34503376938838,182,189
6Q3K,7,18.472073218780828,182,189
7M8T,7,19.187999035855718,182,189
7WKJ,7,18.781385838111095,182,189
6J1W,7,18.987738174938055,182,189
7JYV,7,19.384429731101203,182,189
6PZ5,7,19.229324195093287,182,189
2GTW-AC,8,18.04089975583258,181,189
2GTW-DF,8,18.2903746271092,181,189
1UXS,7,19.209966736046162,182,189
5NMH,7,18.65149476583579,182,189
6MT4,7,18.62119902154532,182,189
6MT5,7,18.68414325036072,182,189
7KGR,7,18.388165786722716,182,189
8EMI,7,18.233474134130333,182,189
6O4Y,7,18.438565508195044,182,189
7KGS,7,18.80714941185931,182,189
4U1H,7,18.08593906879043,182,189
6P27,6,18.15307293545641,183,189
6P23,6,18.17517634027247,183,189
1M6O,7,18.931192117772188,182,189
2V2W-AC,7,18.236392982166183,182,189
2V2W-DF,7,18.328473313399563,182,189
2V2X-AC,7,18.432322344186584,182,189
2V2X-DF,7,18.355027485678146,182,189
2VLL-AC,7,18.11525735395443,182,189
2VLL-DF,7,18.204996264762045,182,189
3GSO,7,18.563786844283683,182,189
3KPM,7,19.057869162107288,182,189
3PWN-AC,7,18.401797330695718,182,189
3PWN-DF,7,18.4089336193056,182,189
4LCY-AC,7,18.07331784703628,182,189
4LCY-FJ,7,17.927090924073543,182,189
5DEF,7,19.106332981501186,182,189
6J29,7,18.7498275725405,182,189
7R7V,7,18.831563344555335,182,189
7R7Y,7,18.661565154080726,182,189
5WMO,7,17.734731912267524,182,189
3V5H-AC,7,18.20799934094902,182,189
3V5H-DF,7,18.183992685876223,182,189
5VWH,7,18.93879238494366,182,189
3KLA-AC,7,18.568812051394133,182,189
3KLA-DF,7,18.627104069070963,182,189
3PWL-AC,7,18.636578387676213,182,189
3PWL-DF,7,18.69426291673464,182,189
6P2S,6,17.772746186225696,183,189
5NMK,7,18.81217233601691,182,189
7P3D,7,18.10997297071423,182,189
3QFD-AC,7,18.70914869789644,182,189
3QFD-DF,7,18.697029550171866,182,189
7MJA,7,19.752685159238467,182,189
5TXS,7,17.854838979951623,182,189
5XOS,7,17.49996825711407,182,189
1N2R,7,18.943705392557185,182,189
1SYV,7,18.813055280841546,182,189
2GIT-AC,7,18.211120942984262,182,189
2GIT-DF,7,18.24339162546263,182,189
2GTZ-DF,7,18.505273788841926,182,189
3KYO-AP,7,19.020269135845584,182,189
3KYO-CQ,7,18.99722374453699,182,189
3L3I,7,18.947016915599143,182,189
3PWJ-AC,7,18.57023753213728,182,189
5E00,7,18.491453755721857,182,189
5EO0,7,17.995808123004647,182,189
1UXW,7,18.666185282483404,182,189
5N6B-AC,7,18.688304390714528,182,189
5N6B-DF,7,18.6351092564546,182,189
7EJM,7,18.91981408471024,182,189
8RNE-AP,7,18.254285688571876,182,189
8RNE-CE,7,18.35529661977708,182,189
8RNE-FH,7,18.43149049860049,182,189
7P4B-AP,7,18.151555250170716,182,189
7P4B-CQ,7,18.186800735698405,182,189
7P4B-ER,7,18.13790089839505,182,189
7P4B-GZ,7,18.252748341003333,182,189
7SIF,7,17.99153348105714,182,189
3D18,7,18.453325472662105,182,189
5W6A-AE,7,18.350386753417485,182,189
5W6A-CF,7,18.3189682023852,182,189
2CIK,7,18.131163917410266,182,189
6VB1,7,17.769107152583665,182,189
4U1S,7,18.608092486872483,182,189
4U1N,7,18.543247989497416,182,189
6UZM,7,18.052074312942544,182,189
1DUZ-AC,7,18.46562712176329,182,189
1DUZ-DF,7,18.3901865406526,182,189
1I7U-AC,7,18.242785806997787,182,189
1I7U-DF,7,18.24438217643996,182,189
1TVB-AC,7,18.57124543481131,182,189
1TVB-DF,7,18.599079681532633,182,189
3BO8,7,19.256940021716844,182,189
3BP7,7,19.36008866198706,182,189
3FQT,7,18.48848725558692,182,189
3GSU,7,18.669296773044238,182,189
3L3D,7,18.80346566460555,182,189
3LKO,7,18.165208421595388,182,189
3LKP,7,18.33230179219184,182,189
3LKQ,7,18.13363146201003,182,189
3MRC,7,18.63279823322305,182,189
3X12,7,18.59162061252327,182,189
5IEK,7,18.34866635480628,182,189
5VUE,7,18.839176308957885,182,189
5VWD,7,18.865066048121857,182,189
5VWF,7,19.04974251794496,182,189
7S8F,7,18.46827956253641,182,189
1TVH-AC,7,18.520622991681464,182,189
1TVH-DF,7,18.609670631153044,182,189
4HX1,7,18.712266858935077,182,189
4O2C,7,17.770373659549204,182,189
3GSW,7,18.151955404308374,182,189
5WMN-AE,7,18.510006212856872,182,189
5WMN-CF,7,18.422904928376525,182,189
7RZD,7,18.47985297560562,182,189
3KPQ,7,19.050280549115282,182,189
4NT6,7,17.971481714093585,182,189
3BP4,7,19.476459483181227,182,189
5ENW,7,18.212796188394577,182,189
5EO1,7,17.961779588893744,182,189
5FA3,7,18.07240938558,182,189
3BXN,7,19.151052268739697,182,189
3C9N,7,18.11668153939898,182,189
3MRJ,7,18.90051017829942,182,189
8RNF-AP,7,18.25291415089656,182,189
8RNF-CE,7,18.28845969457242,182,189
8RNF-FH,7,18.156657649468418,182,189
3H7B-AC,7,18.536725223188697,182,189
3H7B-DF,7,18.490408973302884,182,189
5MER-AC,7,18.422107317025375,182,189
5MER-DF,7,18.231911583813694,182,189
6ULI,7,18.5914097636516,182,189
3MYJ-AC,7,18.356732034869385,182,189
3MYJ-DF,7,18.301872090034944,182,189
7EJL,7,19.07013450398292,182,189
1T1Z,7,18.325618789006832,182,189
1YDP,7,18.50205337253139,182,189
2GUO-AC,7,18.66261316107688,182,189
2GUO-DF,7,18.65369143092058,182,189
2H6P,7,18.114640184116276,182,189
3FT4,7,18.21497606366805,182,189
3GSV,7,18.711586464006732,182,189
3KPP,7,19.133851494145137,182,189
3LKS,7,18.108750205356525,182,189
3REW-AC,7,18.559663170434963,182,189
3REW-DF,7,18.460006771396372,182,189
4NNY,7,19.305923495134856,182,189
5HHP,7,18.18048494952761,182,189
5VUF,7,18.620107276812345,182,189
6D2T,7,18.879507329377006,182,189
6JTP,7,18.245600757442876,182,189
6UZS,7,18.06415370284476,182,189
6VB0,7,17.75408564246551,182,189
7LFZ,7,18.394522771738334,182,189
7MKB,7,18.106027311367892,182,189
9L4A-AC,7,18.21543589925863,182,189
9L4A-DF,7,18.29755642155531,182,189
6PTE-AC,7,18.15852926313142,182,189
6PTE-ED,7,18.11849778541256,182,189
6PTE-HG,7,18.186108682178276,182,189
6PTE-KJ,7,18.117626279399847,182,189
5IB1,7,19.247457416500495,182,189
4U1I,7,18.37948652710407,182,189
9CX0,7,18.78157850128684,182,189
3FQW,7,18.910694249550968,182,189
3MR9,7,18.708987278845427,182,189
3LV3,7,18.838587977871377,182,189
2AV1-AC,7,18.183426574768575,182,189
2AV1-DF,7,18.070903574531076,182,189
3GSR,7,18.622034851218594,182,189
4E5X-AC,7,18.219202699349935,182,189
4E5X-DF,7,18.630134245356366,182,189
7MJ6,7,18.244005974566,182,189
7UC5-AC,7,18.49975875518381,182,189
7UC5-DF,7,18.624143309156533,182,189
3KPL,7,19.06834932551845,182,189
7L1C,7,18.681554137704925,182,189
5EU3,7,18.380076985692963,182,189
7LGT-AF,7,18.088787024010205,182,189
7LGT-CE,7,17.85330003108669,182,189
9CWY,7,18.88337864366438,182,189
9J4V-AE,7,18.217044491354795,182,189
9J4V-CF,7,18.121620540117267,182,189
4O2E-AC,7,18.059720734274933,182,189
4O2E-DF,7,18.04803152701147,182,189
22EE,7,18.038283538075344,182,189
7SU9,7,18.75959887630863,182,189
3UPR-AP,7,18.765217984345398,182,189
3UPR-CQ,7,18.789805666903526,182,189
1T1Y,7,18.558317407566882,182,189
3H9H-AC,7,18.293762024252967,182,189
3H9H-DF,7,18.402826657880578,182,189
3HPJ-AC,7,18.42176723335739,182,189
3HPJ-DF,7,18.48353153485556,182,189
3KPN,7,19.07414325729992,182,189
3LKN,7,18.264331413988305,182,189
3LKR,7,18.21325124737481,182,189
3RL1,7,18.331213707771777,182,189
3X14,7,18.47905457538345,182,189
4K7F-AC,7,18.225276376505242,182,189
4K7F-DF,7,18.3963868463348,182,189
4NQX-AM,7,19.148914225093804,182,189
4NQX-CN,7,19.2976708698226,182,189
4NQX-EO,7,19.194816253353405,182,189
4NQX-GP,7,19.190929367802912,182,189
4NQX-IQ,7,19.249176346015425,182,189
4NQX-KR,7,19.138163391506506,182,189
5SWQ,7,18.510506908239982,182,189
5U98-AC,7,18.833358410012806,182,189
5U98-DF,7,18.85053126572299,182,189
5VUD,7,18.830587935590327,182,189
5VVP,7,19.007194979796466,182,189
5VWJ,7,18.701546754212604,182,189
5WSH,7,18.189987410660844,182,189
6J1V,7,18.718217383073632,182,189
6VB3,7,17.94615176019639,182,189
7NUI,7,17.972724723869778,182,189
7P3E-AC,7,18.120564174440045,182,189
7P3E-DF,7,18.105176635426677,182,189
6ULN,7,18.705327529877685,182,189
6Z9V-AC,7,18.65698212466314,182,189
6Z9V-DF,7,18.447209599286285,182,189
5HHN,7,18.424638802429747,182,189
7L1B,7,19.00629043238054,182,189
7S7E,7,18.42337498939866,182,189
2AV7-AC,7,18.14781325669845,182,189
2AV7-DF,7,18.087468286081386,182,189
7P49-AP,7,18.125189847281597,182,189
7P49-CQ,7,18.044765335132514,182,189
7P49-ER,7,18.033009981697457,182,189
7P49-GZ,7,18.075010179803495,182,189
9EK4-AC,7,18.26170487659901,182,189
9EK4-DF,7,18.302143071236223,182,189
4U1L-AC,7,18.49173147652756,182,189
4U1L-DF,7,18.584556195938607,182,189
7N1A-AC,7,18.0309348066039,182,189
8ERX,7,18.481711960746495,182,189
6UZP,7,17.979555723098386,182,189
4U1K-AC,7,18.410241606236458,182,189
4U1K-DF,7,18.472973934913675,182,189
7R7X-AE,7,18.91644668007182,182,189
7R7X-CF,7,19.10322532977088,182,189
1HSA-AC,7,18.99823423373867,182,189
1HSA-DF,7,18.9967753842593,182,189
1JGE,7,18.75024325175543,182,189
2BST,7,18.709365301901613,182,189
2X4U-AC,7,18.534669136512797,182,189
2X4U-DF,7,18.31969339263079,182,189
3GSX,7,18.52204505447495,182,189
3IXA-AC,7,18.31356256985516,182,189
3IXA-DF,7,18.288906664970437,182,189
3L3G,7,18.923930088647015,182,189
3MRI,7,19.04011008371538,182,189
5HHQ,7,18.306350209694997,182,189
6GH1-AP,7,18.273055272723276,182,189
6GH1-CQ,7,18.28042685497251,182,189
6GH1-ER,7,18.266695240245294,182,189
6GH1-GZ,7,18.08400776929716,182,189
6VB7,7,18.189322912082243,182,189
4NO5,7,18.0074849160009,182,189
1W0W,7,18.93805589283124,182,189
6SSA-AC,7,18.552862447611687,182,189
6SSA-DF,7,18.550680553553825,182,189
6SSA-GI,7,18.78241547298963,182,189
6SSA-JL,7,18.643058064598748,182,189
7EJN,7,19.424901544152032,182,189
3GSQ,7,18.547386365738973,182,189
5EU4-AC,7,18.6468331895794,182,189
5EU4-DF,7,18.68254316200019,182,189
7RRG,7,18.53707498501314,182,189
5IND-AE,7,18.673424806392642,182,189
5IND-CF,7,18.573375083705166,182,189
1JHT,7,18.82996986189835,182,189
3X11,7,18.55735730108142,182,189
6PTB-AC,7,18.16716496870109,182,189
6PTB-DF,7,17.986942986511078,182,189
6VB5,7,18.160530636520512,182,189
6VB6,7,18.23653511498278,182,189
7KGO,7,18.647166219026424,182,189
9EJD-AC,7,18.29911128989602,182,189
9EJD-DF,7,18.234573096181876,182,189
6GH4-AP,7,18.298520022122005,182,189
6GH4-CQ,7,18.133760806848645,182,189
6GH4-ER,7,18.262356091151,182,189
6GH4-GY,7,18.324138533639175,182,189
6XQA-AC,7,19.58240613407862,182,189
6XQA-DF,7,19.71353347322595,182,189
8XKC,7,18.975397466192906,182,189
1T21,7,18.523043513418624,182,189
1E27,7,18.708983884754407,182,189
1I1Y-AC,7,18.650064584338576,182,189
1I1Y-DF,7,18.660187512455494,182,189
1I7R-AC,7,18.69950822882784,182,189
1I7R-DF,7,18.699514565891807,182,189
1IM3-AC,7,18.233940605365593,182,189
1IM3-EG,7,18.218654341086776,182,189
1IM3-IK,7,18.217531611060817,182,189
1IM3-MO,7,18.247626174382248,182,189
1OF2,7,19.07391729561602,182,189
1QEW,7,18.330405996594838,182,189
1S8D,7,18.50817262724767,182,189
1S9W,7,18.097447389065675,182,189
1T1W,7,18.603311855688485,182,189
1T1X,7,18.591624189403145,182,189
1T20,7,18.85236924102646,182,189
1T22,7,18.741891606772242,182,189
6O9B,7,18.75354190546415,182,189
7MLE,7,18.286696612565102,182,189
3I6G-AC,7,18.397375274750473,182,189
3I6G-DF,7,18.391288535608375,182,189
9EIQ-AC,7,18.35167559107342,182,189
9EIQ-DF,7,18.35988464016046,182,189
6UZN,7,18.29259877655441,182,189
6SS8-AC,7,18.80676497965559,182,189
6SS8-DF,7,18.8649199309194,182,189
1EEY-AC,7,18.394534650270444,182,189
1EEY-DF,7,18.356877975298527,182,189
6UJO,7,18.178376192608624,182,189
7NMD-DF,7,18.898467689206978,182,189
1W0V,7,19.148166909654822,182,189
5MEQ,7,18.18799131295152,182,189
1A1M,7,18.5570941960211,182,189
1A1O,7,19.06499268292542,182,189
1EEZ-AC,7,18.15033936321853,182,189
1EEZ-DF,7,18.62931179619902,182,189
1S9Y,7,18.051717092841887,182,189
1XR8,7,17.95276805955003,182,189
2BSR,7,18.592405815278447,182,189
2X4O-AC,7,18.1265337282118,182,189
2X4O-DF,7,18.027999861326823,182,189
2X4R-AC,7,18.39225149349584,182,189
2X4R-DF,7,18.34609634227402,182,189
3KPO,7,19.20963890863126,182,189
3MRF,7,18.413405904394768,182,189
6EWO-EG,7,18.563268408338008,182,189
7LG0,7,18.135182519070497,182,189
7LG3,7,17.89424424221375,182,189
7N6D-AC,7,18.10806610325907,182,189
7N6D-EG,7,18.245482838226017,182,189
7N6D-IK,7,18.231088859418133,182,189
7N6D-MO,7,18.08704058158769,182,189
7TLT-AE,7,19.41349983902954,182,189
7TLT-CF,7,19.4405898315869,182,189
8RJI-AC,7,19.192111035527073,182,189
8RJI-DF,7,19.602859944406063,182,189
8RJI-GI,7,19.208485781029175,182,189
8RJI-JL,7,19.595340492065965,182,189
9CX2,7,18.554340462544072,182,189
3V5K-AC,7,18.141467470962763,182,189
3V5K-DF,7,18.159923705786873,182,189
5VGD,7,18.2795813956447,182,189
6VB4,7,18.112793765733656,182,189
6VIU,7,18.112793765733656,182,189
6UZO,7,18.29772428473006,182,189
8YZW-DF,7,19.775733690561268,182,189
8YZW-AC,7,19.87607566900468,182,189
6VR1-AP,7,18.33479680825506,182,189
6VR1-DQ,7,18.578787420065925,182,189
2C7U-AC,7,18.27343826432235,182,189
2C7U-DF,7,18.34972626498826,182,189
6VR5-AP,7,18.159311743565613,182,189
6VR5-DQ,7,18.947244496232162,182,189
4NQV-AM,7,19.451659826349015,182,189
4NQV-CN,7,19.471951263291512,182,189
4NQV-EO,7,19.343916459703802,182,189
4NQV-GP,7,19.331139050764698,182,189
4NQV-IQ,7,19.360896182770052,182,189
4NQV-KR,7,19.44695968525672,182,189
6EWA-EG,7,18.31288953169323,182,189
6UZQ,7,17.701774430830373,182,189
4HWZ,7,18.771455697414627,182,189
1Q94-AC,7,18.81968697933098,182,189
1Q94-DF,7,18.70653677194151,182,189
1SYS,7,18.91634885489269,182,189
3I6L,7,18.959473357664763,182,189
3KYN,7,18.622619418331027,182,189
3L3J,7,18.81117037826196,182,189
3MRH,7,18.290794624619238,182,189
6ID4-AU,7,18.6924142367967,182,189
6ID4-ET,7,18.6526602124201,182,189
8UTC-AE,7,18.09956634839631,182,189
8UTC-CF,7,18.18055936983238,182,189
3MRL,7,18.99632822415953,182,189
6VM7,7,18.8990574103578,182,189
6VM8,7,18.896543466994167,182,189
6O9C,7,18.740512372931537,182,189
8ISN-AC,7,19.5667406841303,182,189
